mode,nfe,n_seeds,nrmse_mean,nrmse_std,obs_residual_mean,obs_residual_std
A_gauss_guided,10,1,0.4824400544166565,0.0,0.4469483494758606,0.0
B_info_guided,10,1,0.09335244446992874,0.0,0.016498837620019913,0.0
C_info_unguided,10,1,0.09681377559900284,0.0,0.04848655313253403,0.0
A_gauss_guided,20,1,0.46196189522743225,0.0,0.4262569844722748,0.0
B_info_guided,20,1,0.09418614208698273,0.0,0.016471141949295998,0.0
C_info_unguided,20,1,0.09786157310009003,0.0,0.050159987062215805,0.0
