mode,nfe,lambda0,n_seeds,nrmse_mean,nrmse_std,obs_residual_mean,obs_residual_std
A0_s3gm_pf_unguided,10,0.0,1,1.2269561290740967,0.0,1.2347630262374878,0.0
A_s3gm_pf_guided,10,0.25,1,0.8745946884155273,0.0,0.8555408120155334,0.0
B_s3fm_learned_guided,10,2.0,1,0.05094414949417114,0.0,0.023560544475913048,0.0
C_s3fm_learned_unguided,10,0.0,1,0.05578240007162094,0.0,0.0343799814581871,0.0
