mode,nfe,lambda0,n_seeds,nrmse_mean,nrmse_std,obs_residual_mean,obs_residual_std
A_s3gm_pf_guided,10,0.25,1,0.8386207818984985,0.0,0.8179342150688171,0.0
A_s3gm_pf_guided,20,0.5,1,0.6264783143997192,0.0,0.5969204902648926,0.0
A_s3gm_pf_guided,50,1.0,1,0.4109974801540375,0.0,0.37579870223999023,0.0
A_s3gm_pf_guided,100,1.0,1,0.41206803917884827,0.0,0.37671253085136414,0.0
