mode,nfe,lambda0,n_seeds,nrmse_mean,nrmse_std,obs_residual_mean,obs_residual_std
A_s3gm_pf_guided,10,0.1,1,1.0584601163864136,0.0,1.0545005798339844,0.0
A_s3gm_pf_guided,20,0.5,1,0.6683521866798401,0.0,0.6356275081634521,0.0
