mode,nfe,n_seeds,nrmse_mean,nrmse_std,obs_residual_mean,obs_residual_std
A0_s3gm_pf_unguided,10,1,1.2269561290740967,0.0,1.2347630262374878,0.0
A_s3gm_pf_guided,10,1,1.0584601163864136,0.0,1.0545005798339844,0.0
B_s3fm_learned_guided,10,1,0.05546753481030464,0.0,0.033674851059913635,0.0
C_s3fm_learned_unguided,10,1,0.05578240007162094,0.0,0.0343799814581871,0.0
A0_s3gm_pf_unguided,20,1,1.256437063217163,0.0,1.2674626111984253,0.0
A_s3gm_pf_guided,20,1,1.088240385055542,0.0,1.0883865356445312,0.0
B_s3fm_learned_guided,20,1,0.055358391255140305,0.0,0.03360311686992645,0.0
C_s3fm_learned_unguided,20,1,0.05567352846264839,0.0,0.03431524336338043,0.0
A0_s3gm_pf_unguided,50,1,1.28098726272583,0.0,1.2937411069869995,0.0
A_s3gm_pf_guided,50,1,1.1098703145980835,0.0,1.1122335195541382,0.0
B_s3fm_learned_guided,50,1,0.05529625713825226,0.0,0.03356366232037544,0.0
C_s3fm_learned_unguided,50,1,0.05561147257685661,0.0,0.034282732754945755,0.0
