mode,nfe,lambda0,n_seeds,nrmse_mean,nrmse_std,obs_residual_mean,obs_residual_std
A_s3gm_pf_guided,10,0.1,3,1.0384445190429688,0.011334541315646608,1.029370625813802,0.011823489600775788
A_s3gm_pf_guided,20,0.25,3,0.8657039403915405,0.008815522670395533,0.847522517045339,0.008680421294186832
A_s3gm_pf_guided,50,0.5,3,0.6432095567385355,0.007277719745620093,0.6150894165039062,0.006962073753608907
A_s3gm_pf_guided,100,1.0,3,0.4172682265440623,0.00368262489043668,0.38101041316986084,0.003186063378659505
