seed,mode,nfe,lambda0,nrmse,obs_residual
0,A_s3gm_pf_guided,10,0.0,1.253067970275879,1.2415800094604492
0,A_s3gm_pf_guided,10,0.1,1.0922224521636963,1.0646427869796753
0,A_s3gm_pf_guided,10,0.25,0.911529004573822,0.8673704266548157
0,A0_s3gm_pf_unguided,10,0.0,1.253067970275879,1.2415800094604492
0,B_s3fm_learned_guided,10,2.0,0.04831957072019577,0.022776847705245018
0,C_s3fm_learned_unguided,10,0.0,0.052908748388290405,0.03341508284211159
