mode,nfe,lambda0,n_seeds,nrmse_mean,nrmse_std,obs_residual_mean,obs_residual_std
A0_s3gm_pf_unguided,10,0.0,1,1.253067970275879,0.0,1.2415800094604492,0.0
A_s3gm_pf_guided,10,0.0,1,1.253067970275879,0.0,1.2415800094604492,0.0
A_s3gm_pf_guided,10,0.1,1,1.0922224521636963,0.0,1.0646427869796753,0.0
A_s3gm_pf_guided,10,0.25,1,0.911529004573822,0.0,0.8673704266548157,0.0
B_s3fm_learned_guided,10,2.0,1,0.04831957072019577,0.0,0.022776847705245018,0.0
C_s3fm_learned_unguided,10,0.0,1,0.052908748388290405,0.0,0.03341508284211159,0.0
