mode,nfe,lambda0,n_seeds,nrmse_mean,nrmse_std,obs_residual_mean,obs_residual_std
A_s3gm_pf_guided,10,0.1,3,1.0394380887349446,0.02091243333261867,1.0277950366338093,0.024369273572366894
A_s3gm_pf_guided,20,0.25,3,0.8674277464548746,0.020958610701409634,0.8444162408510844,0.024567978931105006
A_s3gm_pf_guided,50,0.5,3,0.654443641503652,0.015172204237994973,0.6183242797851562,0.01732670647059203
A_s3gm_pf_guided,100,1.0,3,0.4375140070915222,0.00944058619038884,0.3880986273288727,0.005743201644053543
